Prefix,Species,Full Name,DNA_URL,MITO_URL,GFF_URL,CDS_URL
Chlpad1,Absidia padenii,'Absidia padenii NRRL 2977 v1.0',https://genome.jgi.doe.gov/portal/Chlpad1/download/Chlpad1_AssemblyScaffolds.fasta.gz,https://genome.jgi.doe.gov/portal/Chlpad1/download/Chlpad1_MitoAssemblyScaffolds.fasta.gz,https://genome.jgi.doe.gov/portal/Chlpad1/download/Chlpad1_GeneCatalog_20160815.gff3.gz,https://genome.jgi.doe.gov/portal/Chlpad1/download/Chlpad1_GeneCatalog_CDS_20160815.fasta.gz
Absrep1,Absidia repens,'Absidia repens NRRL 1336 v1.0',https://genome.jgi.doe.gov/portal/Absrep1/download/Absrep1_AssemblyScaffolds.fasta.gz,https://genome.jgi.doe.gov/portal/Absrep1/download/Absrep1_MitochondrionScaffolds.fasta.gz,https://genome.jgi.doe.gov/portal/Absrep1/download/Absrep1_GeneCatalog_20160129.gff3.gz,https://genome.jgi.doe.gov/portal/Absrep1/download/Absrep1_GeneCatalog_CDS_20160129.fasta.gz
Amyrou1,Amylomyces rouxii,'Amylomyces rouxii NRRL 5866 v1.0',https://genome.jgi.doe.gov/portal/Amyrou1/download/Amyrou1_AssemblyScaffolds.fasta.gz,https://genome.jgi.doe.gov/portal/Amyrou1/download/Amyrou1_MitoAssemblyScaffolds.fasta.gz,https://genome.jgi.doe.gov/portal/Amyrou1/download/Amyrou1_GeneCatalog_20181016.gff3.gz,https://genome.jgi.doe.gov/portal/Amyrou1/download/Amyrou1_GeneCatalog_CDS_20181016.fasta.gz
Bacci1,Backusella circina,'Backusella circina FSU 941 v1.0',https://genome.jgi.doe.gov/portal/Bacci1/download/Bacci1_AssemblyScaffolds.fasta.gz,https://genome.jgi.doe.gov/portal/Bacci1/download/Bacci1_MitochondrionScaffolds.fasta.gz,https://genome.jgi.doe.gov/portal/Bacci1/download/Bacci1.filtered_proteins.FilteredModels1.gff3.gz,https://genome.jgi.doe.gov/portal/Bacci1/download/Bacci1_GeneCatalog_CDS_20130730.fasta.gz
Basme2finSC,Basidiobolus meristosporus,'Basidiobolus meristosporus CBS 931.73 v1.0',https://genome.jgi.doe.gov/portal/Basme2finSC/download/Basme2finSC_AssemblyScaffolds.fasta.gz,NO_mito_URL,https://genome.jgi.doe.gov/portal/Basme2finSC/download/Basme2finSC_GeneCatalog_2015_06_30_09_37_deflines.gff3.gz,https://genome.jgi.doe.gov/portal/Basme2finSC/download/Basme2finSC_GeneCatalog_CDS_20150701.fasta.gz
Benpoi1,Benjaminiella poitrasii,'Benjaminiella poitrasii RSA 903 v1.0',https://genome.jgi.doe.gov/portal/Benpoi1/download/Benpoi1_AssemblyScaffolds.fasta.gz,https://genome.jgi.doe.gov/portal/Benpoi1/download/Benpoi1_MitoAssemblyScaffolds.fasta.gz,https://genome.jgi.doe.gov/portal/Benpoi1/download/Benpoi1_GeneCatalog_20180911.gff3.gz,https://genome.jgi.doe.gov/portal/Benpoi1/download/Benpoi1_GeneCatalog_CDS_20180911.fasta.gz
Blatri_F921_1,Blakeslea trispora,'Blakeslea trispora F921 v1.0',https://genome.jgi.doe.gov/portal/Blatri_F921_1/download/Blatri_F921_1_AssemblyScaffolds.fasta.gz,https://genome.jgi.doe.gov/portal/Blatri_F921_1/download/Blatri_F921_1_MitoAssemblyScaffolds.fasta.gz,https://genome.jgi.doe.gov/portal/Blatri_F921_1/download/Blatri_F921_1_GeneCatalog_20180606.gff3.gz,https://genome.jgi.doe.gov/portal/Blatri_F921_1/download/Blatri_F921_1_GeneCatalog_CDS_20180606.fasta.gz
Blatri_F986_2,Blakeslea trispora,'Blakeslea trispora F986 v1.0',https://genome.jgi.doe.gov/portal/Blatri_F986_2/download/Blatri_F986_2_AssemblyScaffolds.fasta.gz,https://genome.jgi.doe.gov/portal/Blatri_F986_2/download/Blatri_F986_2_MitoAssemblyScaffolds.fasta.gz,https://genome.jgi.doe.gov/portal/Blatri_F986_2/download/Blatri_F986_2_GeneCatalog_20180606.gff3.gz,https://genome.jgi.doe.gov/portal/Blatri_F986_2/download/Blatri_F986_2_GeneCatalog_CDS_20180606.fasta.gz
Blatri1,Blakeslea trispora,'Blakeslea trispora NRRL 2456 v1.0',https://genome.jgi.doe.gov/portal/Blatri1/download/Blatri1_AssemblyScaffolds.fasta.gz,https://genome.jgi.doe.gov/portal/Blatri1/download/Blatri1_MitochondrionScaffolds.fasta.gz,https://genome.jgi.doe.gov/portal/Blatri1/download/Blatri1_GeneCatalog_20160404.gff3.gz,https://genome.jgi.doe.gov/portal/Blatri1/download/Blatri1_GeneCatalog_CDS_20160404.fasta.gz
Chocucu1,Choanephora cucurbitarum,'Choanephora cucurbitarum NRRL2744 (50) v1.0',https://genome.jgi.doe.gov/portal/Chocucu1/download/Chocucu1_AssemblyScaffolds.fasta.gz,https://genome.jgi.doe.gov/portal/Chocucu1/download/Chocucu1_MitoAssemblyScaffolds.fasta.gz,https://genome.jgi.doe.gov/portal/Chocucu1/download/Chocucu1_GeneCatalog_20180614.gff3.gz,https://genome.jgi.doe.gov/portal/Chocucu1/download/Chocucu1_GeneCatalog_CDS_20180614.fasta.gz
Cirumb1,Circinella umbellata,'Circinella umbellata NRRL1351 v1.0',https://genome.jgi.doe.gov/portal/Cirumb1/download/Cirumb1_AssemblyScaffolds.fasta.gz,https://genome.jgi.doe.gov/portal/Cirumb1/download/Cirumb1_MitoAssemblyScaffolds.fasta.gz,https://genome.jgi.doe.gov/portal/Cirumb1/download/Cirumb1_GeneCatalog_20170119.gff3.gz,https://genome.jgi.doe.gov/portal/Cirumb1/download/Cirumb1_GeneCatalog_CDS_20170119.fasta.gz
Coemoj1,Coemansia mojavensis,'Coemansia mojavensis RSA 71 v1.0',https://genome.jgi.doe.gov/portal/Coemoj1/download/Coemoj1_AssemblyScaffolds.fasta.gz,https://genome.jgi.doe.gov/portal/Coemoj1/download/Coemoj1_MitochondrionScaffolds.fasta.gz,https://genome.jgi.doe.gov/portal/Coemoj1/download/Coemoj1_GeneCatalog_20180326.gff3.gz,https://genome.jgi.doe.gov/portal/Coemoj1/download/Coemoj1_GeneCatalog_CDS_20180326.fasta.gz
Coere1,Coemansia reversa,'Coemansia reversa NRRL 1564 v1.0',https://genome.jgi.doe.gov/portal/Coere1/download/Coere1_AssemblyScaffolds.fasta.gz,NO_mito_URL,https://genome.jgi.doe.gov/portal/Coere1/download/Coere1.filtered_proteins.FilteredModels1.gff3.gz,https://genome.jgi.doe.gov/portal/Coere1/download/Coere1_GeneCatalog_CDS_20110909.fasta.gz
Coespi1,Coemansia spiralis,'Coemansia spiralis RSA 1278 v1.0',https://genome.jgi.doe.gov/portal/Coespi1/download/Coespi1_AssemblyScaffolds.fasta.gz,https://genome.jgi.doe.gov/portal/Coespi1/download/Coespi1_MitoAssemblyScaffolds.fasta.gz,https://genome.jgi.doe.gov/portal/Coespi1/download/Coespi1_GeneCatalog_20170411.gff3.gz,https://genome.jgi.doe.gov/portal/Coespi1/download/Coespi1_GeneCatalog_CDS_20170411.fasta.gz
Cokrec1,Cokeromyces recurvatus,'Cokeromyces recurvatus NRRL 2243 v1.0',https://genome.jgi.doe.gov/portal/Cokrec1/download/Cokrec1_AssemblyScaffolds.fasta.gz,https://genome.jgi.doe.gov/portal/Cokrec1/download/Cokrec1_MitoAssemblyScaffolds.fasta.gz,https://genome.jgi.doe.gov/portal/Cokrec1/download/Cokrec1_GeneCatalog_20170123.gff3.gz,https://genome.jgi.doe.gov/portal/Cokrec1/download/Cokrec1_GeneCatalog_CDS_20170123.fasta.gz
Conco1,Conidiobolus coronatus,'Conidiobolus coronatus NRRL28638 v1.0',https://genome.jgi.doe.gov/portal/Conco1/download/Conco1_AssemblyScaffolds.fasta.gz,NO_mito_URL,https://genome.jgi.doe.gov/portal/Conco1/download/Conco1.filtered_proteins.FilteredModels1.gff3.gz,https://genome.jgi.doe.gov/portal/Conco1/download/Conco1_GeneCatalog_CDS_20120213.fasta.gz
Conth1,Conidiobolus thromboides,'Conidiobolus thromboides FSU 785 v1.0',https://genome.jgi.doe.gov/portal/Conth1/download/Conth1_AssemblyScaffolds.fasta.gz,NO_mito_URL,https://genome.jgi.doe.gov/portal/Conth1/download/Conth1_FilteredModels1_deflines.gff3.gz,https://genome.jgi.doe.gov/portal/Conth1/download/Conth1_GeneCatalog_CDS_20141003.fasta.gz
Cunech1,Cunninghamella echinulata,'Cunninghamella echinulata NRRL 1382 v1.0',https://genome.jgi.doe.gov/portal/Cunech1/download/Cunech1_AssemblyScaffolds.fasta.gz,https://genome.jgi.doe.gov/portal/Cunech1/download/Cunech1_MitoAssemblyScaffolds.fasta.gz,https://genome.jgi.doe.gov/portal/Cunech1/download/Cunech1_GeneCatalog_20170119.gff3.gz,https://genome.jgi.doe.gov/portal/Cunech1/download/Cunech1_GeneCatalog_CDS_20170119.fasta.gz
Dicele1,Dichotomocladium elegans,'Dichotomocladium elegans RSA 919- v1.0',https://genome.jgi.doe.gov/portal/Dicele1/download/Dicele1_AssemblyScaffolds.fasta.gz,https://genome.jgi.doe.gov/portal/Dicele1/download/Dicele1_MitoAssemblyScaffolds.fasta.gz,https://genome.jgi.doe.gov/portal/Dicele1/download/Dicele1_GeneCatalog_20170425.gff3.gz,https://genome.jgi.doe.gov/portal/Dicele1/download/Dicele1_GeneCatalog_CDS_20170425.fasta.gz
Dicrob1,Dichotomocladium robustum,'Dichotomocladium robustum RSA 2353+ v1.0',https://genome.jgi.doe.gov/portal/Dicrob1/download/Dicrob1_AssemblyScaffolds.fasta.gz,https://genome.jgi.doe.gov/portal/Dicrob1/download/Dicrob1_MitoAssemblyScaffolds.fasta.gz,https://genome.jgi.doe.gov/portal/Dicrob1/download/Dicrob1_GeneCatalog_20190615.gff3.gz,https://genome.jgi.doe.gov/portal/Dicrob1/download/Dicrob1_GeneCatalog_CDS_20190615.fasta.gz
DimcrSC1,Dimargaris cristalligena,'Dimargaris cristalligena RSA 468 single-cell v1.0',https://genome.jgi.doe.gov/portal/DimcrSC1/download/DimcrSC1_AssemblyScaffolds.fasta.gz,https://genome.jgi.doe.gov/portal/DimcrSC1/download/DimcrSC1_MitochondrionScaffolds.fasta.gz,https://genome.jgi.doe.gov/portal/DimcrSC1/download/DimcrSC1_GeneCatalog_20151223.gff3.gz,https://genome.jgi.doe.gov/portal/DimcrSC1/download/DimcrSC1_GeneCatalog_CDS_20151223.fasta.gz
Disorn1,Dissophora ornata,'Dissophora ornata CBS 347.77 v1.0',https://genome.jgi.doe.gov/portal/Disorn1/download/Disorn1_AssemblyScaffolds.fasta.gz,https://genome.jgi.doe.gov/portal/Disorn1/download/Disorn1_MitoAssemblyScaffolds.fasta.gz,https://genome.jgi.doe.gov/portal/Disorn1/download/Disorn1_GeneCatalog_20180714.gff3.gz,https://genome.jgi.doe.gov/portal/Disorn1/download/Disorn1_GeneCatalog_CDS_20180714.fasta.gz
Ellano1,Ellisomyces anomalus,'Ellisomyces anomalus CBS 243.57 v1.0',https://genome.jgi.doe.gov/portal/Ellano1/download/Ellano1_AssemblyScaffolds.fasta.gz,https://genome.jgi.doe.gov/portal/Ellano1/download/Ellano1_MitoAssemblyScaffolds.fasta.gz,https://genome.jgi.doe.gov/portal/Ellano1/download/Ellano1_GeneCatalog_20190325.gff3.gz,https://genome.jgi.doe.gov/portal/Ellano1/download/Ellano1_GeneCatalog_CDS_20190325.fasta.gz
Endsp1,Endogone sp,'Endogone sp FLAS 59071',https://genome.jgi.doe.gov/portal/Endsp1/download/Endsp1_AssemblyScaffolds.fasta.gz,NO_mito_URL,https://genome.jgi.doe.gov/portal/Endsp1/download/Endsp1_GeneCatalog_20180904.gff3.gz,https://genome.jgi.doe.gov/portal/Endsp1/download/Endsp1_GeneCatalog_CDS_20180904.fasta.gz
Fenlin1,Fennellomyces sp.,'Fennellomyces sp. T-0311 v1.0',https://genome.jgi.doe.gov/portal/Fenlin1/download/Fenlin1_AssemblyScaffolds.fasta.gz,https://genome.jgi.doe.gov/portal/Fenlin1/download/Fenlin1_MitoAssemblyScaffolds.fasta.gz,https://genome.jgi.doe.gov/portal/Fenlin1/download/Fenlin1_GeneCatalog_20170109.gff3.gz,https://genome.jgi.doe.gov/portal/Fenlin1/download/Fenlin1_GeneCatalog_CDS_20170109.fasta.gz
Gigro1,Gigaspora rosea,'Gigaspora rosea v1.0',https://genome.jgi.doe.gov/portal/Gigro1/download/Gigro1_AssemblyScaffolds.fasta.gz,NO_mito_URL,https://genome.jgi.doe.gov/portal/Gigro1/download/Gigro1_GeneCatalog_20160405.gff3.gz,https://genome.jgi.doe.gov/portal/Gigro1/download/Gigro1_GeneCatalog_CDS_20160405.fasta.gz
Gilper1,Gilbertella persicaria,'Gilbertella persicaria var. persicaria CBS 190.32-T v1.0',https://genome.jgi.doe.gov/portal/Gilper1/download/Gilper1_AssemblyScaffolds.fasta.gz,https://genome.jgi.doe.gov/portal/Gilper1/download/Gilper1_MitoAssemblyScaffolds.fasta.gz,https://genome.jgi.doe.gov/portal/Gilper1/download/Gilper1_GeneCatalog_20161121.gff3.gz,https://genome.jgi.doe.gov/portal/Gilper1/download/Gilper1_GeneCatalog_CDS_20161121.fasta.gz
Gonbut1,Gongronella butleri,'Gongronella butleri v1.0',https://genome.jgi.doe.gov/portal/Gonbut1/download/Gonbut1_AssemblyScaffolds.fasta.gz,https://genome.jgi.doe.gov/portal/Gonbut1/download/Gonbut1_MitoAssemblyScaffolds.fasta.gz,https://genome.jgi.doe.gov/portal/Gonbut1/download/Gonbut1_GeneCatalog_20160804.gff3.gz,https://genome.jgi.doe.gov/portal/Gonbut1/download/Gonbut1_GeneCatalog_CDS_20160804.fasta.gz
Halrad1,Halteromyces radiatus,'Halteromyces radiatus CBS 162.75 v1.0',https://genome.jgi.doe.gov/portal/Halrad1/download/Halrad1_AssemblyScaffolds.fasta.gz,https://genome.jgi.doe.gov/portal/Halrad1/download/Halrad1_MitochondrionScaffolds.fasta.gz,https://genome.jgi.doe.gov/portal/Halrad1/download/Halrad1_GeneCatalog_20180330.gff3.gz,https://genome.jgi.doe.gov/portal/Halrad1/download/Halrad1_GeneCatalog_CDS_20180330.fasta.gz
Helpul1,Helicostylum pulchrum,'Helicostylum pulchrum RSA 2064 v1.0',https://genome.jgi.doe.gov/portal/Helpul1/download/Helpul1_AssemblyScaffolds.fasta.gz,https://genome.jgi.doe.gov/portal/Helpul1/download/Helpul1_MitoAssemblyScaffolds.fasta.gz,https://genome.jgi.doe.gov/portal/Helpul1/download/Helpul1_GeneCatalog_20180613.gff3.gz,https://genome.jgi.doe.gov/portal/Helpul1/download/Helpul1_GeneCatalog_CDS_20180613.fasta.gz
Hesve2finisherSC,Hesseltinella vesiculosa,'Hesseltinella vesiculosa NRRL3301 v2.0',https://genome.jgi.doe.gov/portal/Hesve2finisherSC/download/Hesve2finisherSC_AssemblyScaffolds.fasta.gz,NO_mito_URL,https://genome.jgi.doe.gov/portal/Hesve2finisherSC/download/Hesve2finisherSC_GeneCatalog_2015_07_02_13_57_deflines.gff3.gz,https://genome.jgi.doe.gov/portal/Hesve2finisherSC/download/Hesve2finisherSC_GeneCatalog_CDS_20150707.fasta.gz
Jimfl_AD_1,Jimgerdemannia flammicorona,'Jimgerdemannia flammicorona AD002',https://genome.jgi.doe.gov/portal/Jimfl_AD_1/download/Jimfl_AD_1_AssemblyScaffolds.fasta.gz,NO_mito_URL,https://genome.jgi.doe.gov/portal/Jimfl_AD_1/download/Jimfl_AD_1_GeneCatalog_20180815.gff3.gz,https://genome.jgi.doe.gov/portal/Jimfl_AD_1/download/Jimfl_AD_1_GeneCatalog_CDS_20180815.fasta.gz
Jimfl_GMNB39_1,Jimgerdemannia flammicorona,'Jimgerdemannia flammicorona GMNB39',https://genome.jgi.doe.gov/portal/Jimfl_GMNB39_1/download/Jimfl_GMNB39_1_AssemblyScaffolds.fasta.gz,NO_mito_URL,https://genome.jgi.doe.gov/portal/Jimfl_GMNB39_1/download/Jimfl_GMNB39_1_GeneCatalog_20180904.gff3.gz,https://genome.jgi.doe.gov/portal/Jimfl_GMNB39_1/download/Jimfl_GMNB39_1_GeneCatalog_CDS_20180904.fasta.gz
Jimlac1,Jimgerdemannia lactiflua,'Jimgerdemannia lactiflua OSC166217',https://genome.jgi.doe.gov/portal/Jimlac1/download/Jimlac1_AssemblyScaffolds.fasta.gz,NO_mito_URL,https://genome.jgi.doe.gov/portal/Jimlac1/download/Jimlac1_GeneCatalog_20180910.gff3.gz,https://genome.jgi.doe.gov/portal/Jimlac1/download/Jimlac1_GeneCatalog_CDS_20180910.fasta.gz
Kicala1,Kickxella alabastrina,'Kickxella alabastrina RSA 675 v1.0',https://genome.jgi.doe.gov/portal/Kicala1/download/Kicala1_AssemblyScaffolds.fasta.gz,https://genome.jgi.doe.gov/portal/Kicala1/download/Kicala1_MitoAssemblyScaffolds.fasta.gz,https://genome.jgi.doe.gov/portal/Kicala1/download/Kicala1_GeneCatalog_20170410.gff3.gz,https://genome.jgi.doe.gov/portal/Kicala1/download/Kicala1_GeneCatalog_CDS_20170410.fasta.gz
Liccor1,Lichtheimia corymbifera,'Lichtheimia corymbifera JMRC:FSU:9682',https://genome.jgi.doe.gov/portal/Liccor1/download/Liccor1_AssemblyScaffolds.fasta.gz,NO_mito_URL,https://genome.jgi.doe.gov/portal/Liccor1/download/Liccor1_GeneCatalog_20160306.gff3.gz,https://genome.jgi.doe.gov/portal/Liccor1/download/Liccor1_GeneCatalog_CDS_20160306.fasta.gz
Lichy1,Lichtheimia hyalospora,'Lichtheimia hyalospora v1.0',https://genome.jgi.doe.gov/portal/Lichy1/download/Lichy1_AssemblyScaffolds.fasta.gz,NO_mito_URL,https://genome.jgi.doe.gov/portal/Lichy1/download/Lichy1.filtered_proteins.FilteredModels1.gff3.gz,https://genome.jgi.doe.gov/portal/Lichy1/download/Lichy1_GeneCatalog_CDS_20130506.fasta.gz
Linpe1,Linderina pennispora,'Linderina pennispora ATCC 12442 v1.0',https://genome.jgi.doe.gov/portal/Linpe1/download/Linpe1_AssemblyScaffolds.fasta.gz,https://genome.jgi.doe.gov/portal/Linpe1/download/Linpe1_MitochondrianScaffold.fasta,https://genome.jgi.doe.gov/portal/Linpe1/download/Linpe1_GeneCatalog_2015_09_14_14_07_deflines.gff3.gz,https://genome.jgi.doe.gov/portal/Linpe1/download/Linpe1_GeneCatalog_CDS_20150915.fasta.gz
Lobtra1,Lobosporangium transversale,'Lobosporangium transversale NRRL 3116 v1.0',https://genome.jgi.doe.gov/portal/Lobtra1/download/Lobtra1_AssemblyScaffolds.fasta.gz,https://genome.jgi.doe.gov/portal/Lobtra1/download/Lobtra1_MitochondrionScaffolds.fasta.gz,https://genome.jgi.doe.gov/portal/Lobtra1/download/Lobtra1_GeneCatalog_20160303.gff3.gz,https://genome.jgi.doe.gov/portal/Lobtra1/download/Lobtra1_GeneCatalog_CDS_20160303.fasta.gz
Marpt1,Martensiomyces pterosporus,'Martensiomyces pterosporus CBS 209.56 v1.0',https://genome.jgi.doe.gov/portal/Marpt1/download/Marpt1_AssemblyScaffolds.fasta.gz,NO_mito_URL,https://genome.jgi.doe.gov/portal/Marpt1/download/Marpt1_FilteredModels1_deflines.gff3.gz,https://genome.jgi.doe.gov/portal/Marpt1/download/Marpt1_GeneCatalog_CDS_20140919.fasta.gz
Morel2,Mortierella elongata,'Mortierella elongata AG-77 v2.0',https://genome.jgi.doe.gov/portal/Morel2/download/Morel2_AssemblyScaffolds.fasta.gz,NO_mito_URL,https://genome.jgi.doe.gov/portal/Morel2/download/Morel2_FilteredModels1_deflines.gff3.gz,https://genome.jgi.doe.gov/portal/Morel2/download/Morel2_GeneCatalog_CDS_20151120.fasta.gz
Morel_U14_1,Mortierella elongata,'Mortierella elongata MPI-CAGE-AA-0104 v1.0',https://genome.jgi.doe.gov/portal/Morel_U14_1/download/Morel_U14_1_AssemblyScaffolds.fasta.gz,https://genome.jgi.doe.gov/portal/Morel_U14_1/download/Morel_U14_1_MitochondrionScaffolds.fasta.gz,https://genome.jgi.doe.gov/portal/Morel_U14_1/download/Morel_U14_1_GeneCatalog_20180326.gff3.gz,https://genome.jgi.doe.gov/portal/Morel_U14_1/download/Morel_U14_1_GeneCatalog_CDS_20180326.fasta.gz
MoeNVP64_1,Mortierella elongata,'Mortierella elongata NVP64 v1.0',https://genome.jgi.doe.gov/portal/MoeNVP64_1/download/MoeNVP64_1_AssemblyScaffolds.fasta.gz,https://genome.jgi.doe.gov/portal/MoeNVP64_1/download/MoeNVP64_1_MitoAssemblyScaffolds.fasta.gz,https://genome.jgi.doe.gov/portal/MoeNVP64_1/download/MoeNVP64_1_GeneCatalog_20190403.gff3.gz,https://genome.jgi.doe.gov/portal/MoeNVP64_1/download/MoeNVP64_1_GeneCatalog_CDS_20190403.fasta.gz
Morhum1,Mortierella humilis,'Mortierella humilis PMI_1414 - Glomeribacter phylotype 2 Fungal Standard Draft',https://genome.jgi.doe.gov/portal/Morhum1/download/Morhum1_AssemblyScaffolds.fasta.gz,https://genome.jgi.doe.gov/portal/Morhum1/download/Morhum1_MitoAssemblyScaffolds.fasta.gz,https://genome.jgi.doe.gov/portal/Morhum1/download/Morhum1_GeneCatalog_20170607.gff3.gz,https://genome.jgi.doe.gov/portal/Morhum1/download/Morhum1_GeneCatalog_CDS_20170607.fasta.gz
Mormin1_1,Mortierella minutissima,'Mortierella minutissima AD051 Glomeribacter phylotype 3 Fungal Standard Draft',https://genome.jgi.doe.gov/portal/Mormin1_1/download/Mormin1_1_AssemblyScaffolds.fasta.gz,https://genome.jgi.doe.gov/portal/Mormin1_1/download/Mormin1_1_MitochondrionScaffolds.fasta.gz,https://genome.jgi.doe.gov/portal/Mormin1_1/download/Mormin1_1_GeneCatalog_20180323.gff3.gz,https://genome.jgi.doe.gov/portal/Mormin1_1/download/Mormin1_1_GeneCatalog_CDS_20180323.fasta.gz
Mormul1,Mortierella multidivaricata,'Mortierella multidivaricata RSA 2152 T v1.0',https://genome.jgi.doe.gov/portal/Mormul1/download/Mormul1_AssemblyScaffolds.fasta.gz,https://genome.jgi.doe.gov/portal/Mormul1/download/Mormul1_MitoAssemblyScaffolds.fasta.gz,https://genome.jgi.doe.gov/portal/Mormul1/download/Mormul1_GeneCatalog_20160906.gff3.gz,https://genome.jgi.doe.gov/portal/Mormul1/download/Mormul1_GeneCatalog_CDS_20160906.fasta.gz
MorAD185_1_1,Mortierella sp.,'Mortierella sp. nov. AD 185 - Mollicutes-related endobacteria (MRE) phylotype Co-culture',https://genome.jgi.doe.gov/portal/MorAD185_1_1/download/MorAD185_1_1_AssemblyScaffolds.fasta.gz,https://genome.jgi.doe.gov/portal/MorAD185_1_1/download/MorAD185_1_1_MitoAssemblyScaffolds.fasta.gz,https://genome.jgi.doe.gov/portal/MorAD185_1_1/download/MorAD185_1_1_GeneCatalog_20190828.gff3.gz,https://genome.jgi.doe.gov/portal/MorAD185_1_1/download/MorAD185_1_1_GeneCatalog_CDS_20190828.fasta.gz
MorGBAus27b_1,Mortierella sp.,'Mortierella sp. nov. GBAus27b - Mollicutes-related endobacteria (MRE) phylotype 2 Metagenome Co-culture',https://genome.jgi.doe.gov/portal/MorGBAus27b_1/download/MorGBAus27b_1_AssemblyScaffolds.fasta.gz,https://genome.jgi.doe.gov/portal/MorGBAus27b_1/download/MorGBAus27b_1_MitoAssemblyScaffolds.fasta.gz,https://genome.jgi.doe.gov/portal/MorGBAus27b_1/download/MorGBAus27b_1_GeneCatalog_20170422.gff3.gz,https://genome.jgi.doe.gov/portal/MorGBAus27b_1/download/MorGBAus27b_1_GeneCatalog_CDS_20170422.fasta.gz
Morve1,Mortierella verticillata,'Mortierella verticillata NRRL 6337',https://genome.jgi.doe.gov/portal/Morve1/download/Morve1_AssemblyScaffolds.fasta.gz,NO_mito_URL,https://genome.jgi.doe.gov/portal/Morve1/download/Morve1_GeneCatalog_20161024.gff3.gz,https://genome.jgi.doe.gov/portal/Morve1/download/Morve1_GeneCatalog_CDS_20161024.fasta.gz
Mucci2,Mucor circinelloides,'Mucor circinelloides CBS277.49 v2.0',https://genome.jgi.doe.gov/portal/Mucci2/download/Mucor_circinelloides_v2_scaffolds.fasta.gz,NO_mito_URL,https://genome.jgi.doe.gov/portal/Mucci2/download/Mucci2.filtered_proteins.FilteredModels1.gff3.gz,https://genome.jgi.doe.gov/portal/Mucci2/download/Mucor_circinelloides_v2_filtered_CDS.fasta.gz
Muccir1_3,Mucor circinelloides,'Mucor circinelloides MU402 v1.0',https://genome.jgi.doe.gov/portal/Muccir1_3/download/Muccir1_3_AssemblyScaffolds.fasta.gz,https://genome.jgi.doe.gov/portal/Muccir1_3/download/Muccir1_3_MitoAssemblyScaffolds.fasta.gz,https://genome.jgi.doe.gov/portal/Muccir1_3/download/Muccir1_3_GeneCatalog_20181206.gff3.gz,https://genome.jgi.doe.gov/portal/Muccir1_3/download/Muccir1_3_GeneCatalog_CDS_20181206.fasta.gz
Kircor1,Mucor cordense,'Mucor cordense RSA 1222 v1.0',https://genome.jgi.doe.gov/portal/Kircor1/download/Kircor1_AssemblyScaffolds.fasta.gz,https://genome.jgi.doe.gov/portal/Kircor1/download/Kircor1_MitoAssemblyScaffolds.fasta.gz,https://genome.jgi.doe.gov/portal/Kircor1/download/Kircor1_GeneCatalog_20160812.gff3.gz,https://genome.jgi.doe.gov/portal/Kircor1/download/Kircor1_GeneCatalog_CDS_20160812.fasta.gz
Zyghet1,Mucor heterogamus,'Mucor heterogamus NRRL 1489 v1.0',https://genome.jgi.doe.gov/portal/Zyghet1/download/Zyghet1_AssemblyScaffolds.fasta.gz,https://genome.jgi.doe.gov/portal/Zyghet1/download/Zyghet1_MitoAssemblyScaffolds.fasta.gz,https://genome.jgi.doe.gov/portal/Zyghet1/download/Zyghet1_GeneCatalog_20160427.gff3.gz,https://genome.jgi.doe.gov/portal/Zyghet1/download/Zyghet1_GeneCatalog_CDS_20160427.fasta.gz
Mucmuc1,Mucor mucedo,'Mucor mucedo NRRL 3635 v1.0',https://genome.jgi.doe.gov/portal/Mucmuc1/download/Mucmuc1_AssemblyScaffolds.fasta.gz,https://genome.jgi.doe.gov/portal/Mucmuc1/download/Mucmuc1_MitoAssemblyScaffolds.fasta.gz,https://genome.jgi.doe.gov/portal/Mucmuc1/download/Mucmuc1_GeneCatalog_20181129.gff3.gz,https://genome.jgi.doe.gov/portal/Mucmuc1/download/Mucmuc1_GeneCatalog_CDS_20181129.fasta.gz
Mycafr1,Mycotypha africana,'Mycotypha africana NRRL 2978 v1.0',https://genome.jgi.doe.gov/portal/Mycafr1/download/Mycafr1_AssemblyScaffolds.fasta.gz,https://genome.jgi.doe.gov/portal/Mycafr1/download/Mycafr1_MitoAssemblyScaffolds.fasta.gz,https://genome.jgi.doe.gov/portal/Mycafr1/download/Mycafr1_GeneCatalog_20160506.gff3.gz,https://genome.jgi.doe.gov/portal/Mycafr1/download/Mycafr1_GeneCatalog_CDS_20160506.fasta.gz
Parpar1,Parasitella parasitica,'Parasitella parasitica v1.0',https://genome.jgi.doe.gov/portal/Parpar1/download/Parpar1_AssemblyScaffolds.fasta.gz,https://genome.jgi.doe.gov/portal/Parpar1/download/Parpar1_MitochondrionScaffolds.fasta.gz,https://genome.jgi.doe.gov/portal/Parpar1/download/Parpar1_GeneCatalog_20160126.gff3.gz,https://genome.jgi.doe.gov/portal/Parpar1/download/Parpar1_GeneCatalog_CDS_20160126.fasta.gz
Phaart1,Phascolomyces articulosus,'Phascolomyces articulosus v1.0',https://genome.jgi.doe.gov/portal/Phaart1/download/Phaart1_AssemblyScaffolds.fasta.gz,https://genome.jgi.doe.gov/portal/Phaart1/download/Phaart1_MitoAssemblyScaffolds.fasta.gz,https://genome.jgi.doe.gov/portal/Phaart1/download/Phaart1_GeneCatalog_20160822.gff3.gz,https://genome.jgi.doe.gov/portal/Phaart1/download/Phaart1_GeneCatalog_CDS_20160822.fasta.gz
Phybl2,Phycomyces blakesleeanus,'Phycomyces blakesleeanus NRRL1555 v2.0',https://genome.jgi.doe.gov/portal/Phybl2/download/Phycomyces_blakesleeanus_v2_scaffolds.fasta.gz,https://genome.jgi.doe.gov/portal/Phybl2/download/Phycomyces_blakesleeanus_v2_mitochondrial_scaffold.fasta.gz,https://genome.jgi.doe.gov/portal/Phybl2/download/Phybl2.filtered_proteins.FilteredModels3.gff3.gz,https://genome.jgi.doe.gov/portal/Phybl2/download/Phycomyces_blakesleeanus_v2_filtered_CDS.fasta.gz
Phybla1,Phycomyces blakesleeanus,'Phycomyces blakesleeanus UBC1 v1.0',https://genome.jgi.doe.gov/portal/Phybla1/download/Phybla1_AssemblyScaffolds.fasta.gz,https://genome.jgi.doe.gov/portal/Phybla1/download/Phybla1_MitoAssemblyScaffolds.fasta.gz,https://genome.jgi.doe.gov/portal/Phybla1/download/Phybla1_GeneCatalog_20190111.gff3.gz,https://genome.jgi.doe.gov/portal/Phybla1/download/Phybla1_GeneCatalog_CDS_20190111.fasta.gz
PhyblU21_1,Phycomyces blakesleeanus,'Phycomyces blakesleeanus UBC21 v1.0',https://genome.jgi.doe.gov/portal/PhyblU21_1/download/PhyblU21_1_AssemblyScaffolds.fasta.gz,https://genome.jgi.doe.gov/portal/PhyblU21_1/download/PhyblU21_1_MitoAssemblyScaffolds.fasta.gz,https://genome.jgi.doe.gov/portal/PhyblU21_1/download/PhyblU21_1_GeneCatalog_20190528.gff3.gz,https://genome.jgi.doe.gov/portal/PhyblU21_1/download/PhyblU21_1_GeneCatalog_CDS_20190528.fasta.gz
PnitS607_1,Phycomyces nitens,'Phycomyces nitens S607 v1.0',https://genome.jgi.doe.gov/portal/PnitS607_1/download/PnitS607_1_AssemblyScaffolds.fasta.gz,https://genome.jgi.doe.gov/portal/PnitS607_1/download/PnitS607_1_MitoAssemblyScaffolds.fasta.gz,https://genome.jgi.doe.gov/portal/PnitS607_1/download/PnitS607_1_GeneCatalog_20170410.gff3.gz,https://genome.jgi.doe.gov/portal/PnitS607_1/download/PnitS607_1_GeneCatalog_CDS_20170410.fasta.gz
PnitS608_1,Phycomyces nitens,'Phycomyces nitens S608 v1.0',https://genome.jgi.doe.gov/portal/PnitS608_1/download/PnitS608_1_AssemblyScaffolds.fasta.gz,https://genome.jgi.doe.gov/portal/PnitS608_1/download/PnitS608_1_MitoAssemblyScaffolds.fasta.gz,https://genome.jgi.doe.gov/portal/PnitS608_1/download/PnitS608_1_GeneCatalog_20170410.gff3.gz,https://genome.jgi.doe.gov/portal/PnitS608_1/download/PnitS608_1_GeneCatalog_CDS_20170410.fasta.gz
PnitS609_1,Phycomyces nitens,'Phycomyces nitens S609 v1.0',https://genome.jgi.doe.gov/portal/PnitS609_1/download/PnitS609_1_AssemblyScaffolds.fasta.gz,https://genome.jgi.doe.gov/portal/PnitS609_1/download/PnitS609_1_MitoAssemblyScaffolds.fasta.gz,https://genome.jgi.doe.gov/portal/PnitS609_1/download/PnitS609_1_GeneCatalog_20170410.gff3.gz,https://genome.jgi.doe.gov/portal/PnitS609_1/download/PnitS609_1_GeneCatalog_CDS_20170410.fasta.gz
Pilano1,Pilaira anomala,'Pilaira anomala RSA1997 v1.0',https://genome.jgi.doe.gov/portal/Pilano1/download/Pilano1_AssemblyScaffolds.fasta.gz,https://genome.jgi.doe.gov/portal/Pilano1/download/Pilano1_MitoAssemblyScaffolds.fasta.gz,https://genome.jgi.doe.gov/portal/Pilano1/download/Pilano1_GeneCatalog_20161117.gff3.gz,https://genome.jgi.doe.gov/portal/Pilano1/download/Pilano1_GeneCatalog_CDS_20161117.fasta.gz
Pilumb1,Pilobolus umbonatus,'Pilobolus umbonatus NRRL 6349 v1.0',https://genome.jgi.doe.gov/portal/Pilumb1/download/Pilumb1_AssemblyScaffolds.fasta.gz,NO_mito_URL,https://genome.jgi.doe.gov/portal/Pilumb1/download/Pilumb1_GeneCatalog_20170307.gff3.gz,https://genome.jgi.doe.gov/portal/Pilumb1/download/Pilumb1_GeneCatalog_CDS_20170307.fasta.gz
Pipcy3_1,Piptocephalis cylindrospora,'Piptocephalis cylindrospora RSA 2659 single-cell v3.0',https://genome.jgi.doe.gov/portal/Pipcy3_1/download/Pipcy3_1_AssemblyScaffolds.fasta.gz,NO_mito_URL,https://genome.jgi.doe.gov/portal/Pipcy3_1/download/Pipcy3_1_GeneCatalog_20160615.gff3.gz,https://genome.jgi.doe.gov/portal/Pipcy3_1/download/Pipcy3_1_GeneCatalog_CDS_20160615.fasta.gz
Pipcy2,Piptocephalis cylindrospora,'Piptocephalis cylindrospora v2.0',https://genome.jgi.doe.gov/portal/Pipcy2/download/Pipcy2_AssemblyScaffolds.fasta.gz,NO_mito_URL,https://genome.jgi.doe.gov/portal/Pipcy2/download/Pipcy2.filtered_proteins.FilteredModels1.gff3.gz,https://genome.jgi.doe.gov/portal/Pipcy2/download/Pipcy2_GeneCatalog_CDS_20130828.fasta.gz
Radspe1,Radiomyces spectabilis,'Radiomyces spectabilis NRRL 2753 v1.0',https://genome.jgi.doe.gov/portal/Radspe1/download/Radspe1_AssemblyScaffolds.fasta.gz,https://genome.jgi.doe.gov/portal/Radspe1/download/Radspe1_MitoAssemblyScaffolds.fasta.gz,https://genome.jgi.doe.gov/portal/Radspe1/download/Radspe1_GeneCatalog_20161011.gff3.gz,https://genome.jgi.doe.gov/portal/Radspe1/download/Radspe1_GeneCatalog_CDS_20161011.fasta.gz
Rambr1,Ramicandelaber brevisporus,'Ramicandelaber brevisporus CBS 109374 v1.0',https://genome.jgi.doe.gov/portal/Rambr1/download/Rambr1_AssemblyScaffolds.fasta.gz,NO_mito_URL,https://genome.jgi.doe.gov/portal/Rambr1/download/Rambr1_FilteredModels1_deflines.gff3.gz,https://genome.jgi.doe.gov/portal/Rambr1/download/Rambr1_GeneCatalog_CDS_20140929.fasta.gz
Rhice1_1,Rhizophagus cerebriforme,'Rhizophagus cerebriforme DAOM 227022 v1.0',https://genome.jgi.doe.gov/portal/Rhice1_1/download/Rhice1_1_AssemblyScaffolds.fasta.gz,NO_mito_URL,https://genome.jgi.doe.gov/portal/Rhice1_1/download/Rhice1_1_GeneCatalog_20160727.gff3.gz,https://genome.jgi.doe.gov/portal/Rhice1_1/download/Rhice1_1_GeneCatalog_CDS_20160727.fasta.gz
Rhidi1,Rhizophagus diaphanus,'Rhizophagus diaphanus v1.0',https://genome.jgi.doe.gov/portal/Rhidi1/download/Rhidi1_AssemblyScaffolds.fasta.gz,NO_mito_URL,https://genome.jgi.doe.gov/portal/Rhidi1/download/Rhidi1_GeneCatalog_20160421.gff3.gz,https://genome.jgi.doe.gov/portal/Rhidi1/download/Rhidi1_GeneCatalog_CDS_20160421.fasta.gz
RhiirA1_1,Rhizophagus irregularis,'Rhizophagus irregularis A1 v1.0',https://genome.jgi.doe.gov/portal/RhiirA1_1/download/RhiirA1_1_AssemblyScaffolds.fasta.gz,NO_mito_URL,https://genome.jgi.doe.gov/portal/RhiirA1_1/download/RhiirA1_1_GeneCatalog_genes_20150518.gff.gz,https://genome.jgi.doe.gov/portal/RhiirA1_1/download/RhiirA1_1_GeneCatalog_CDS_20150518.fasta.gz
RhiirA4,Rhizophagus irregularis,'Rhizophagus irregularis A4 v1.0',https://genome.jgi.doe.gov/portal/RhiirA4/download/RhiirA4_AssemblyScaffolds.fasta.gz,NO_mito_URL,https://genome.jgi.doe.gov/portal/RhiirA4/download/RhiirA4_GeneCatalog_genes_20150618.gff.gz,https://genome.jgi.doe.gov/portal/RhiirA4/download/RhiirA4_GeneCatalog_CDS_20150618.fasta.gz
RhiirA5,Rhizophagus irregularis,'Rhizophagus irregularis A5 v1.0',https://genome.jgi.doe.gov/portal/RhiirA5/download/RhiirA5_AssemblyScaffolds.fasta.gz,NO_mito_URL,https://genome.jgi.doe.gov/portal/RhiirA5/download/RhiirA5_GeneCatalog_genes_20150706.gff.gz,https://genome.jgi.doe.gov/portal/RhiirA5/download/RhiirA5_GeneCatalog_CDS_20150706.fasta.gz
RhiirB3,Rhizophagus irregularis,'Rhizophagus irregularis B3 v1.0',https://genome.jgi.doe.gov/portal/RhiirB3/download/RhiirB3_AssemblyScaffolds.fasta.gz,NO_mito_URL,https://genome.jgi.doe.gov/portal/RhiirB3/download/RhiirB3_GeneCatalog_genes_20150616.gff.gz,https://genome.jgi.doe.gov/portal/RhiirB3/download/RhiirB3_GeneCatalog_CDS_20150616.fasta.gz
RhiirC2,Rhizophagus irregularis,'Rhizophagus irregularis C2 v1.0',https://genome.jgi.doe.gov/portal/RhiirC2/download/RhiirC2_AssemblyScaffolds.fasta.gz,NO_mito_URL,https://genome.jgi.doe.gov/portal/RhiirC2/download/RhiirC2_GeneCatalog_genes_20150810.gff.gz,https://genome.jgi.doe.gov/portal/RhiirC2/download/RhiirC2_GeneCatalog_CDS_20150810.fasta.gz
Gloin1,Rhizophagus irregularis,'Rhizophagus irregularis DAOM 181602 v1.0',https://genome.jgi.doe.gov/portal/Gloin1/download/Gloin1_AssemblyScaffolds.fasta.gz,NO_mito_URL,https://genome.jgi.doe.gov/portal/Gloin1/download/Gloin1.filtered_proteins.FilteredModels1.gff3.gz,https://genome.jgi.doe.gov/portal/Gloin1/download/Gloin1_GeneCatalog_CDS_20120510.fasta.gz
Rhiir2_1,Rhizophagus irregularis,'Rhizophagus irregularis DAOM 197198 v2.0',https://genome.jgi.doe.gov/portal/Rhiir2_1/download/Rhiir2_1_AssemblyScaffolds.fasta.gz,NO_mito_URL,https://genome.jgi.doe.gov/portal/Rhiir2_1/download/Rhiir2_1_GeneCatalog_20160502.gff3.gz,https://genome.jgi.doe.gov/portal/Rhiir2_1/download/Rhiir2_1_GeneCatalog_CDS_20160502.fasta.gz
Rhior3,Rhizopus delemar,'Rhizopus delemar 99-880 from Broad',https://genome.jgi.doe.gov/portal/Rhior3/download/Rhior3_scaffolds.fasta.gz,NO_mito_URL,https://genome.jgi.doe.gov/portal/Rhior3/download/Rhior3.filtered_proteins.BroadGene.gff3.gz,NO_CDS_URL
Rhimi_ATCC11559_1,Rhizopus microsporus,'Rhizopus microsporus ATCC11559 v1.0',https://genome.jgi.doe.gov/portal/Rhimi_ATCC11559_1/download/Rhimi_ATCC11559_1_AssemblyScaffolds.fasta.gz,https://genome.jgi.doe.gov/portal/Rhimi_ATCC11559_1/download/Rhimi_ATCC11559_1_MitochondrionScaffolds.fasta,https://genome.jgi.doe.gov/portal/Rhimi_ATCC11559_1/download/Rhimi_ATCC11559_1_FilteredModels1_deflines.gff3.gz,https://genome.jgi.doe.gov/portal/Rhimi_ATCC11559_1/download/Rhimi_ATCC11559_1_GeneCatalog_CDS_20150408.fasta.gz
Rhich1,Rhizopus microsporus,'Rhizopus microsporus var. chinensis CCTCC M201021',https://genome.jgi.doe.gov/portal/Rhich1/download/Rhich1_AssemblyScaffolds.fasta.gz,NO_mito_URL,https://genome.jgi.doe.gov/portal/Rhich1/download/Rhich1.filtered_proteins.ExternalModels.gff3.gz,https://genome.jgi.doe.gov/portal/Rhich1/download/Rhich1_GeneCatalog_CDS_20131210.fasta.gz
Rhimi1_1,Rhizopus microsporus,'Rhizopus microsporus var. microsporus ATCC52813 v1.0',https://genome.jgi.doe.gov/portal/Rhimi1_1/download/Rhimi1_1_AssemblyScaffolds.fasta.gz,NO_mito_URL,https://genome.jgi.doe.gov/portal/Rhimi1_1/download/Rhimi1_1.filtered_proteins.FilteredModels2.gff3.gz,https://genome.jgi.doe.gov/portal/Rhimi1_1/download/Rhimi1_1_GeneCatalog_CDS_20130624.fasta.gz
Rhimi_ATCC52814_1,Rhizopus microsporus,'Rhizopus microsporus var. microsporus ATCC52814 v1.0',https://genome.jgi.doe.gov/portal/Rhimi_ATCC52814_1/download/Rhimi_ATCC52814_1_AssemblyScaffolds.fasta.gz,https://genome.jgi.doe.gov/portal/Rhimi_ATCC52814_1/download/Rhimi_ATCC52814_1_MitochondrionScaffolds.fasta,https://genome.jgi.doe.gov/portal/Rhimi_ATCC52814_1/download/Rhimi_ATCC52814_1_FilteredModels1_deflines.gff3.gz,https://genome.jgi.doe.gov/portal/Rhimi_ATCC52814_1/download/Rhimi_ATCC52814_1_GeneCatalog_CDS_20150309.fasta.gz
Sakvas1,Saksenaea vasiformis,'Saksenaea vasiformis B4078',https://genome.jgi.doe.gov/portal/Sakvas1/download/Sakvas1_AssemblyScaffolds.fasta.gz,NO_mito_URL,https://genome.jgi.doe.gov/portal/Sakvas1/download/Sakvas1_GeneCatalog_20160730.gff3.gz,https://genome.jgi.doe.gov/portal/Sakvas1/download/Sakvas1_GeneCatalog_CDS_20160730.fasta.gz
SmicuMNP_2,Smittium culicis,'Smittium culicis GSMNP',https://genome.jgi.doe.gov/portal/SmicuMNP_2/download/SmicuMNP_2_AssemblyScaffolds.fasta.gz,NO_mito_URL,https://genome.jgi.doe.gov/portal/SmicuMNP_2/download/SmicuMNP_2_GeneCatalog_20170807.gff3.gz,https://genome.jgi.doe.gov/portal/SmicuMNP_2/download/SmicuMNP_2_GeneCatalog_CDS_20170807.fasta.gz
SmiculW2_1,Smittium culicis,'Smittium culicis ID-206-W2',https://genome.jgi.doe.gov/portal/SmiculW2_1/download/SmiculW2_1_AssemblyScaffolds.fasta.gz,NO_mito_URL,https://genome.jgi.doe.gov/portal/SmiculW2_1/download/SmiculW2_1_GeneCatalog_20170804.gff3.gz,https://genome.jgi.doe.gov/portal/SmiculW2_1/download/SmiculW2_1_GeneCatalog_CDS_20170804.fasta.gz
Smimuc2,Smittium mucronatum,'Smittium mucronatum ALG-7-W6',https://genome.jgi.doe.gov/portal/Smimuc2/download/Smimuc2_AssemblyScaffolds.fasta.gz,NO_mito_URL,https://genome.jgi.doe.gov/portal/Smimuc2/download/Smimuc2_GeneCatalog_20170808.gff3.gz,https://genome.jgi.doe.gov/portal/Smimuc2/download/Smimuc2_GeneCatalog_CDS_20170808.fasta.gz
Spifus1,Spinellus fusiger,'Spinellus fusiger NRRL 22323 v1.0',https://genome.jgi.doe.gov/portal/Spifus1/download/Spifus1_AssemblyScaffolds.fasta.gz,https://genome.jgi.doe.gov/portal/Spifus1/download/Spifus1_MitoAssemblyScaffolds.fasta.gz,https://genome.jgi.doe.gov/portal/Spifus1/download/Spifus1_GeneCatalog_20161021.gff3.gz,https://genome.jgi.doe.gov/portal/Spifus1/download/Spifus1_GeneCatalog_CDS_20161021.fasta.gz
Spoumb1,Sporodiniella umbellata,'Sporodiniella umbellata MES 1446 v1.0',https://genome.jgi.doe.gov/portal/Spoumb1/download/Spoumb1_AssemblyScaffolds.fasta.gz,https://genome.jgi.doe.gov/portal/Spoumb1/download/Spoumb1_MitoAssemblyScaffolds.fasta.gz,https://genome.jgi.doe.gov/portal/Spoumb1/download/Spoumb1_GeneCatalog_20170626.gff3.gz,https://genome.jgi.doe.gov/portal/Spoumb1/download/Spoumb1_GeneCatalog_CDS_20170626.fasta.gz
Synrac1,Syncephalastrum racemosum,'Syncephalastrum racemosum NRRL 2496 v1.0',https://genome.jgi.doe.gov/portal/Synrac1/download/Synrac1_AssemblyScaffolds.fasta.gz,https://genome.jgi.doe.gov/portal/Synrac1/download/Synrac1_MitochondrionScaffolds.fasta.gz,https://genome.jgi.doe.gov/portal/Synrac1/download/Synrac1_GeneCatalog_20160125.gff3.gz,https://genome.jgi.doe.gov/portal/Synrac1/download/Synrac1_GeneCatalog_CDS_20160125.fasta.gz
Synfus1,Syncephalis fuscata,'Syncephalis fuscata S228 v1.0',https://genome.jgi.doe.gov/portal/Synfus1/download/Synfus1_AssemblyScaffolds.fasta.gz,https://genome.jgi.doe.gov/portal/Synfus1/download/Synfus1_MitoAssemblyScaffolds.fasta.gz,https://genome.jgi.doe.gov/portal/Synfus1/download/Synfus1_GeneCatalog_20170105.gff3.gz,https://genome.jgi.doe.gov/portal/Synfus1/download/Synfus1_GeneCatalog_CDS_20170105.fasta.gz
Synplu1,Syncephalis plumigaleata,'Syncephalis plumigaleata NRRL S24 v1.0',https://genome.jgi.doe.gov/portal/Synplu1/download/Synplu1_AssemblyScaffolds.fasta.gz,https://genome.jgi.doe.gov/portal/Synplu1/download/Synplu1_MitoAssemblyScaffolds.fasta.gz,https://genome.jgi.doe.gov/portal/Synplu1/download/Synplu1_primary_alleles_20160908.gff3.gz,https://genome.jgi.doe.gov/portal/Synplu1/download/Synplu1_primary_alleles_CDS_20160908.fasta.gz
Synps1,Syncephalis pseudoplumigaleata,'Syncephalis pseudoplumigaleata Benny S71-1 single-cell v1.0',https://genome.jgi.doe.gov/portal/Synps1/download/Synps1_AssemblyScaffolds.fasta.gz,NO_mito_URL,https://genome.jgi.doe.gov/portal/Synps1/download/Synps1_GeneCatalog_20160128.gff3.gz,https://genome.jgi.doe.gov/portal/Synps1/download/Synps1_GeneCatalog_CDS_20160128.fasta.gz
Thaele1,Thamnidium elegans,'Thamnidium elegans v1.0',https://genome.jgi.doe.gov/portal/Thaele1/download/Thaele1_AssemblyScaffolds.fasta.gz,https://genome.jgi.doe.gov/portal/Thaele1/download/Thaele1_MitochondrionScaffolds.fasta.gz,https://genome.jgi.doe.gov/portal/Thaele1/download/Thaele1_GeneCatalog_20160208.gff3.gz,https://genome.jgi.doe.gov/portal/Thaele1/download/Thaele1_GeneCatalog_CDS_20160208.fasta.gz
Thasp1,Thamnocephalis sphaerospora,'Thamnocephalis sphaerospora RSA 1356 single-cell v1.0',https://genome.jgi.doe.gov/portal/Thasp1/download/Thasp1_AssemblyScaffolds.fasta.gz,NO_mito_URL,https://genome.jgi.doe.gov/portal/Thasp1/download/Thasp1_GeneCatalog_20160203.gff3.gz,https://genome.jgi.doe.gov/portal/Thasp1/download/Thasp1_GeneCatalog_CDS_20160203.fasta.gz
Umbisa1,Umbelopsis isabellina,'Umbelopsis isabellina AD026 v1.0',https://genome.jgi.doe.gov/portal/Umbisa1/download/Umbisa1_AssemblyScaffolds.fasta.gz,https://genome.jgi.doe.gov/portal/Umbisa1/download/Umbisa1_MitoAssemblyScaffolds.fasta.gz,https://genome.jgi.doe.gov/portal/Umbisa1/download/Umbisa1_GeneCatalog_20171025.gff3.gz,https://genome.jgi.doe.gov/portal/Umbisa1/download/Umbisa1_GeneCatalog_CDS_20171025.fasta.gz
Umbra1,Umbelopsis ramanniana,'Umbelopsis ramanniana AG # v1.0',https://genome.jgi.doe.gov/portal/Umbra1/download/Umbra1_AssemblyScaffolds.fasta.gz,NO_mito_URL,https://genome.jgi.doe.gov/portal/Umbra1/download/Umbra1.filtered_proteins.FilteredModels1.gff3.gz,https://genome.jgi.doe.gov/portal/Umbra1/download/Umbra1_GeneCatalog_CDS_20121109.fasta.gz
Umbelo1,Umbelopsis sp.,'Umbelopsis sp. PMI_123 v1.0',https://genome.jgi.doe.gov/portal/Umbelo1/download/Umbelo1_AssemblyScaffolds.fasta.gz,https://genome.jgi.doe.gov/portal/Umbelo1/download/Umbelo1_MitoAssemblyScaffolds.fasta.gz,https://genome.jgi.doe.gov/portal/Umbelo1/download/Umbelo1_GeneCatalog_20190614.gff3.gz,https://genome.jgi.doe.gov/portal/Umbelo1/download/Umbelo1_GeneCatalog_CDS_20190614.fasta.gz
Piptie1,Umbelopsis sp.,'Umbelopsis sp. nov. AD052 - Piptocephalis tieghemiana RSA 1565 Co-culture',https://genome.jgi.doe.gov/portal/Piptie1/download/Piptie1_AssemblyScaffolds.fasta.gz,https://genome.jgi.doe.gov/portal/Piptie1/download/Piptie1_MitoAssemblyScaffolds.fasta.gz,https://genome.jgi.doe.gov/portal/Piptie1/download/Piptie1_GeneCatalog_20180621.gff3.gz,https://genome.jgi.doe.gov/portal/Piptie1/download/Piptie1_GeneCatalog_CDS_20180621.fasta.gz
Umbsp_AD052_1,Umbelopsis sp.,'Umbelopsis sp. nov. AD052 v1.0',https://genome.jgi.doe.gov/portal/Umbsp_AD052_1/download/Umbsp_AD052_1_AssemblyScaffolds.fasta.gz,https://genome.jgi.doe.gov/portal/Umbsp_AD052_1/download/Umbsp_AD052_1_MitoAssemblyScaffolds.fasta.gz,https://genome.jgi.doe.gov/portal/Umbsp_AD052_1/download/Umbsp_AD052_1_GeneCatalog_20160912.gff3.gz,https://genome.jgi.doe.gov/portal/Umbsp_AD052_1/download/Umbsp_AD052_1_GeneCatalog_CDS_20160912.fasta.gz
Zancul2,Zancudomyces culisetae,'Zancudomyces culisetae COL-18-3',https://genome.jgi.doe.gov/portal/Zancul2/download/Zancul2_AssemblyScaffolds.fasta.gz,NO_mito_URL,https://genome.jgi.doe.gov/portal/Zancul2/download/Zancul2_GeneCatalog_20170807.gff3.gz,https://genome.jgi.doe.gov/portal/Zancul2/download/Zancul2_GeneCatalog_CDS_20170807.fasta.gz
Zoorad1,Zoophthora radicans,'Zoophthora radicans ATCC 208865 v1.0',https://genome.jgi.doe.gov/portal/Zoorad1/download/Zoorad1_AssemblyScaffolds.fasta.gz,https://genome.jgi.doe.gov/portal/Zoorad1/download/Zoorad1_MitoAssemblyScaffolds.fasta.gz,https://genome.jgi.doe.gov/portal/Zoorad1/download/Zoorad1_GeneCatalog_20180427.gff3.gz,https://genome.jgi.doe.gov/portal/Zoorad1/download/Zoorad1_GeneCatalog_CDS_20180427.fasta.gz
Zycmex1,Zychaea mexicana,'Zychaea mexicana RSA 1403 v1.0',https://genome.jgi.doe.gov/portal/Zycmex1/download/Zycmex1_AssemblyScaffolds.fasta.gz,NO_mito_URL,https://genome.jgi.doe.gov/portal/Zycmex1/download/Zycmex1_GeneCatalog_20160711.gff3.gz,https://genome.jgi.doe.gov/portal/Zycmex1/download/Zycmex1_GeneCatalog_CDS_20160711.fasta.gz
